,annealing_loss_improvement_pct,batch_size,bptt,clip,cuda,datapath,device,dropout,dry_run,emsize,epochs,log_interval,lr,rnn_type,nhead,hidden_size,num_layers,onnx_export,save,filename,seed,tied,best_val_loss,epoch_num,epoch_time,val_loss,val_perplexity,test_loss,test_perplexity,learned_parameters,total_time
0,1.0,20,35,0.25,True,./data/wikitext-2,,0.0,False,200,1,200,0.5,RNN_TANH,2,200,1,,model.pt,model_epochs_1_rnn_type_RNN_TANH_hidden_size_200_batch_size_20_bptt_35_num_layers_1,1111,False,,1,22.6788,6.5899,727.6933,6.5198,678.4218,13424878,22.6788
1,1.0,20,35,0.25,True,./data/wikitext-2,,0.0,False,200,1,200,0.5,RNN_TANH,2,200,2,,model.pt,model_epochs_1_rnn_type_RNN_TANH_hidden_size_200_batch_size_20_bptt_35_num_layers_2,1111,False,,1,32.1066,7.2801,1451.1062,6.838,932.6119,13505278,32.1066
2,1.0,20,35,0.25,True,./data/wikitext-2,,0.0,False,200,1,200,0.5,RNN_TANH,2,200,3,,model.pt,model_epochs_1_rnn_type_RNN_TANH_hidden_size_200_batch_size_20_bptt_35_num_layers_3,1111,False,,1,38.0426,6.7316,838.4464,6.6617,781.8629,13585678,38.0426
3,1.0,20,35,0.25,True,./data/wikitext-2,,0.0,False,200,1,200,0.5,RNN_TANH,2,200,5,,model.pt,model_epochs_1_rnn_type_RNN_TANH_hidden_size_200_batch_size_20_bptt_35_num_layers_5,1111,False,,1,55.4573,6.9611,1054.8202,6.8972,989.5211,13746478,55.4573
4,1.0,20,35,0.25,True,./data/wikitext-2,,0.0,False,200,1,200,2.0,RNN_TANH,2,200,1,,model.pt,model_epochs_1_rnn_type_RNN_TANH_hidden_size_200_batch_size_20_bptt_35_num_layers_1,1111,False,,1,22.6129,6.186,485.9174,6.1095,450.0999,13424878,22.6129
5,1.0,20,35,0.25,True,./data/wikitext-2,,0.0,False,200,1,200,2.0,RNN_TANH,2,200,2,,model.pt,model_epochs_1_rnn_type_RNN_TANH_hidden_size_200_batch_size_20_bptt_35_num_layers_2,1111,False,,1,32.4272,6.1074,449.1508,6.0216,412.227,13505278,32.4272
6,1.0,20,35,0.25,True,./data/wikitext-2,,0.0,False,200,1,200,2.0,RNN_TANH,2,200,3,,model.pt,model_epochs_1_rnn_type_RNN_TANH_hidden_size_200_batch_size_20_bptt_35_num_layers_3,1111,False,,1,38.2982,6.1586,472.7754,6.0743,434.5387,13585678,38.2982
7,1.0,20,35,0.25,True,./data/wikitext-2,,0.0,False,200,1,200,2.0,RNN_TANH,2,200,5,,model.pt,model_epochs_1_rnn_type_RNN_TANH_hidden_size_200_batch_size_20_bptt_35_num_layers_5,1111,False,,1,55.4874,6.2204,502.9132,6.1347,461.61,13746478,55.4874
8,1.0,20,35,0.25,True,./data/wikitext-2,,0.2,False,200,1,200,0.5,RNN_TANH,2,200,1,,model.pt,model_epochs_1_rnn_type_RNN_TANH_hidden_size_200_batch_size_20_bptt_35_num_layers_1,1111,False,,1,22.7382,6.9294,1021.8392,6.4549,635.8124,13424878,22.7382
9,1.0,20,35,0.25,True,./data/wikitext-2,,0.2,False,200,1,200,0.5,RNN_TANH,2,200,2,,model.pt,model_epochs_1_rnn_type_RNN_TANH_hidden_size_200_batch_size_20_bptt_35_num_layers_2,1111,False,,1,35.5136,7.4974,1803.3045,6.7131,823.128,13505278,35.5136
10,1.0,20,35,0.25,True,./data/wikitext-2,,0.2,False,200,1,200,0.5,RNN_TANH,2,200,3,,model.pt,model_epochs_1_rnn_type_RNN_TANH_hidden_size_200_batch_size_20_bptt_35_num_layers_3,1111,False,,1,46.1161,6.4469,630.7625,6.3737,586.2233,13585678,46.1161
11,1.0,20,35,0.25,True,./data/wikitext-2,,0.2,False,200,1,200,0.5,RNN_TANH,2,200,5,,model.pt,model_epochs_1_rnn_type_RNN_TANH_hidden_size_200_batch_size_20_bptt_35_num_layers_5,1111,False,,1,67.8461,6.5196,678.3182,6.4524,634.2181,13746478,67.8461
12,1.0,20,35,0.25,True,./data/wikitext-2,,0.2,False,200,1,200,2.0,RNN_TANH,2,200,1,,model.pt,model_epochs_1_rnn_type_RNN_TANH_hidden_size_200_batch_size_20_bptt_35_num_layers_1,1111,False,,1,22.7534,6.211,498.1859,6.1322,460.4364,13424878,22.7534
13,1.0,20,35,0.25,True,./data/wikitext-2,,0.2,False,200,1,200,2.0,RNN_TANH,2,200,2,,model.pt,model_epochs_1_rnn_type_RNN_TANH_hidden_size_200_batch_size_20_bptt_35_num_layers_2,1111,False,,1,35.635,6.0848,439.1333,5.9997,403.3185,13505278,35.635
14,1.0,20,35,0.25,True,./data/wikitext-2,,0.2,False,200,1,200,2.0,RNN_TANH,2,200,3,,model.pt,model_epochs_1_rnn_type_RNN_TANH_hidden_size_200_batch_size_20_bptt_35_num_layers_3,1111,False,,1,46.5343,6.1388,463.5013,6.0551,426.2786,13585678,46.5343
15,1.0,20,35,0.25,True,./data/wikitext-2,,0.2,False,200,1,200,2.0,RNN_TANH,2,200,5,,model.pt,model_epochs_1_rnn_type_RNN_TANH_hidden_size_200_batch_size_20_bptt_35_num_layers_5,1111,False,,1,68.0079,6.2419,513.8198,6.1586,472.749,13746478,68.0079
16,1.0,20,35,0.25,True,./data/wikitext-2,,0.5,False,200,1,200,0.5,RNN_TANH,2,200,1,,model.pt,model_epochs_1_rnn_type_RNN_TANH_hidden_size_200_batch_size_20_bptt_35_num_layers_1,1111,False,,1,22.8731,6.5483,698.0419,6.4759,649.2828,13424878,22.8731
17,1.0,20,35,0.25,True,./data/wikitext-2,,0.5,False,200,1,200,0.5,RNN_TANH,2,200,2,,model.pt,model_epochs_1_rnn_type_RNN_TANH_hidden_size_200_batch_size_20_bptt_35_num_layers_2,1111,False,,1,35.7835,6.4706,645.8718,6.3939,598.1995,13505278,35.7835
18,1.0,20,35,0.25,True,./data/wikitext-2,,0.5,False,200,1,200,0.5,RNN_TANH,2,200,3,,model.pt,model_epochs_1_rnn_type_RNN_TANH_hidden_size_200_batch_size_20_bptt_35_num_layers_3,1111,False,,1,46.1512,6.4827,653.7075,6.4084,606.9485,13585678,46.1512
19,1.0,20,35,0.25,True,./data/wikitext-2,,0.5,False,200,1,200,0.5,RNN_TANH,2,200,5,,model.pt,model_epochs_1_rnn_type_RNN_TANH_hidden_size_200_batch_size_20_bptt_35_num_layers_5,1111,False,,1,67.411,6.5487,698.3479,6.4781,650.7465,13746478,67.411
20,1.0,20,35,0.25,True,./data/wikitext-2,,0.5,False,200,1,200,2.0,RNN_TANH,2,200,1,,model.pt,model_epochs_1_rnn_type_RNN_TANH_hidden_size_200_batch_size_20_bptt_35_num_layers_1,1111,False,,1,22.8702,6.2155,500.4559,6.1385,463.3379,13424878,22.8702
21,1.0,20,35,0.25,True,./data/wikitext-2,,0.5,False,200,1,200,2.0,RNN_TANH,2,200,2,,model.pt,model_epochs_1_rnn_type_RNN_TANH_hidden_size_200_batch_size_20_bptt_35_num_layers_2,1111,False,,1,35.4936,6.1672,476.8721,6.0803,437.1753,13505278,35.4936
22,1.0,20,35,0.25,True,./data/wikitext-2,,0.5,False,200,1,200,2.0,RNN_TANH,2,200,3,,model.pt,model_epochs_1_rnn_type_RNN_TANH_hidden_size_200_batch_size_20_bptt_35_num_layers_3,1111,False,,1,46.2344,6.1858,485.8057,6.1033,447.3488,13585678,46.2344
23,1.0,20,35,0.25,True,./data/wikitext-2,,0.5,False,200,1,200,2.0,RNN_TANH,2,200,5,,model.pt,model_epochs_1_rnn_type_RNN_TANH_hidden_size_200_batch_size_20_bptt_35_num_layers_5,1111,False,,1,67.5911,6.3073,548.5367,6.2299,507.7236,13746478,67.5911
24,1.0,20,35,0.25,True,./data/wikitext-2,,0.0,False,200,12,200,0.5,RNN_TANH,2,200,1,,model.pt,model_epochs_12_rnn_type_RNN_TANH_hidden_size_200_batch_size_20_bptt_35_num_layers_1,1111,False,5.7644,12,22.6639,5.759,317.0408,5.6805,293.0814,13424878,271.96680000000003
25,1.0,20,35,0.25,True,./data/wikitext-2,,0.0,False,200,12,200,0.5,RNN_TANH,2,200,2,,model.pt,model_epochs_12_rnn_type_RNN_TANH_hidden_size_200_batch_size_20_bptt_35_num_layers_2,1111,False,5.6471,12,32.4048,5.6153,274.5972,5.5303,252.2155,13505278,388.85760000000005
26,1.0,20,35,0.25,True,./data/wikitext-2,,0.0,False,200,12,200,0.5,RNN_TANH,2,200,3,,model.pt,model_epochs_12_rnn_type_RNN_TANH_hidden_size_200_batch_size_20_bptt_35_num_layers_3,1111,False,5.617,12,38.7957,5.5821,265.635,5.504,245.6811,13585678,465.54839999999996
27,1.0,20,35,0.25,True,./data/wikitext-2,,0.0,False,200,12,200,0.5,RNN_TANH,2,200,5,,model.pt,model_epochs_12_rnn_type_RNN_TANH_hidden_size_200_batch_size_20_bptt_35_num_layers_5,1111,False,5.7469,12,56.3135,5.7076,301.1539,5.6282,278.1712,13746478,675.762
28,1.0,20,35,0.25,True,./data/wikitext-2,,0.0,False,200,12,200,2.0,RNN_TANH,2,200,1,,model.pt,model_epochs_12_rnn_type_RNN_TANH_hidden_size_200_batch_size_20_bptt_35_num_layers_1,1111,False,5.4408,12,22.6645,5.3215,204.6903,5.2285,186.5109,13424878,271.974
29,1.0,20,35,0.25,True,./data/wikitext-2,,0.0,False,200,12,200,2.0,RNN_TANH,2,200,2,,model.pt,model_epochs_12_rnn_type_RNN_TANH_hidden_size_200_batch_size_20_bptt_35_num_layers_2,1111,False,5.3526,12,32.4577,5.3464,209.8573,5.2673,193.8911,13505278,389.49240000000003
30,1.0,20,35,0.25,True,./data/wikitext-2,,0.0,False,200,12,200,2.0,RNN_TANH,2,200,3,,model.pt,model_epochs_12_rnn_type_RNN_TANH_hidden_size_200_batch_size_20_bptt_35_num_layers_3,1111,False,5.3522,12,38.8023,5.3374,207.9639,5.2568,191.8579,13585678,465.62760000000003
31,1.0,20,35,0.25,True,./data/wikitext-2,,0.0,False,200,12,200,2.0,RNN_TANH,2,200,5,,model.pt,model_epochs_12_rnn_type_RNN_TANH_hidden_size_200_batch_size_20_bptt_35_num_layers_5,1111,False,5.365,12,54.7304,5.3599,212.7024,5.2764,195.6697,13746478,656.7648
32,1.0,20,35,0.25,True,./data/wikitext-2,,0.2,False,200,12,200,0.5,RNN_TANH,2,200,1,,model.pt,model_epochs_12_rnn_type_RNN_TANH_hidden_size_200_batch_size_20_bptt_35_num_layers_1,1111,False,5.7214,12,22.747,5.7019,299.4495,5.622,276.432,13424878,272.964
33,1.0,20,35,0.25,True,./data/wikitext-2,,0.2,False,200,12,200,0.5,RNN_TANH,2,200,2,,model.pt,model_epochs_12_rnn_type_RNN_TANH_hidden_size_200_batch_size_20_bptt_35_num_layers_2,1111,False,5.5986,12,35.549,5.5666,261.5355,5.4843,240.8695,13505278,426.58799999999997
34,1.0,20,35,0.25,True,./data/wikitext-2,,0.2,False,200,12,200,0.5,RNN_TANH,2,200,3,,model.pt,model_epochs_12_rnn_type_RNN_TANH_hidden_size_200_batch_size_20_bptt_35_num_layers_3,1111,False,5.5951,12,46.2763,5.5677,261.8195,5.4863,241.3553,13585678,555.3156
35,1.0,20,35,0.25,True,./data/wikitext-2,,0.2,False,200,12,200,0.5,RNN_TANH,2,200,5,,model.pt,model_epochs_12_rnn_type_RNN_TANH_hidden_size_200_batch_size_20_bptt_35_num_layers_5,1111,False,5.6576,12,67.2522,5.6315,279.0795,5.5531,258.0316,13746478,807.0264
36,1.0,20,35,0.25,True,./data/wikitext-2,,0.2,False,200,12,200,2.0,RNN_TANH,2,200,1,,model.pt,model_epochs_12_rnn_type_RNN_TANH_hidden_size_200_batch_size_20_bptt_35_num_layers_1,1111,False,5.4278,12,22.7529,5.416,224.973,5.3214,204.6749,13424878,273.0348
37,1.0,20,35,0.25,True,./data/wikitext-2,,0.2,False,200,12,200,2.0,RNN_TANH,2,200,2,,model.pt,model_epochs_12_rnn_type_RNN_TANH_hidden_size_200_batch_size_20_bptt_35_num_layers_2,1111,False,5.3338,12,35.4341,5.318,203.9762,5.2281,186.4384,13505278,425.2092
38,1.0,20,35,0.25,True,./data/wikitext-2,,0.2,False,200,12,200,2.0,RNN_TANH,2,200,3,,model.pt,model_epochs_12_rnn_type_RNN_TANH_hidden_size_200_batch_size_20_bptt_35_num_layers_3,1111,False,5.4019,12,46.1355,5.2893,198.2103,5.2074,182.6223,13585678,553.626
39,1.0,20,35,0.25,True,./data/wikitext-2,,0.2,False,200,12,200,2.0,RNN_TANH,2,200,5,,model.pt,model_epochs_12_rnn_type_RNN_TANH_hidden_size_200_batch_size_20_bptt_35_num_layers_5,1111,False,5.3867,12,67.3992,5.3865,218.4426,5.3063,201.602,13746478,808.7903999999999
40,1.0,20,35,0.25,True,./data/wikitext-2,,0.5,False,200,12,200,0.5,RNN_TANH,2,200,1,,model.pt,model_epochs_12_rnn_type_RNN_TANH_hidden_size_200_batch_size_20_bptt_35_num_layers_1,1111,False,5.7692,12,22.7221,5.7379,310.4165,5.6554,285.8221,13424878,272.6652
41,1.0,20,35,0.25,True,./data/wikitext-2,,0.5,False,200,12,200,0.5,RNN_TANH,2,200,2,,model.pt,model_epochs_12_rnn_type_RNN_TANH_hidden_size_200_batch_size_20_bptt_35_num_layers_2,1111,False,5.7147,12,35.5327,5.6844,294.2376,5.6034,271.3478,13505278,426.39239999999995
42,1.0,20,35,0.25,True,./data/wikitext-2,,0.5,False,200,12,200,0.5,RNN_TANH,2,200,3,,model.pt,model_epochs_12_rnn_type_RNN_TANH_hidden_size_200_batch_size_20_bptt_35_num_layers_3,1111,False,5.7321,12,46.4403,5.7144,303.19,5.6356,280.2177,13585678,557.2836
43,1.0,20,35,0.25,True,./data/wikitext-2,,0.5,False,200,12,200,0.5,RNN_TANH,2,200,5,,model.pt,model_epochs_12_rnn_type_RNN_TANH_hidden_size_200_batch_size_20_bptt_35_num_layers_5,1111,False,5.8034,12,67.5462,5.7712,320.9107,5.6936,296.9512,13746478,810.5544
44,1.0,20,35,0.25,True,./data/wikitext-2,,0.5,False,200,12,200,2.0,RNN_TANH,2,200,1,,model.pt,model_epochs_12_rnn_type_RNN_TANH_hidden_size_200_batch_size_20_bptt_35_num_layers_1,1111,False,5.4937,12,23.1293,5.4892,242.0527,5.3989,221.155,13424878,277.5516
45,1.0,20,35,0.25,True,./data/wikitext-2,,0.5,False,200,12,200,2.0,RNN_TANH,2,200,2,,model.pt,model_epochs_12_rnn_type_RNN_TANH_hidden_size_200_batch_size_20_bptt_35_num_layers_2,1111,False,5.5172,12,35.5225,5.5287,251.8282,5.4302,228.1927,13505278,426.27
46,1.0,20,35,0.25,True,./data/wikitext-2,,0.5,False,200,12,200,2.0,RNN_TANH,2,200,3,,model.pt,model_epochs_12_rnn_type_RNN_TANH_hidden_size_200_batch_size_20_bptt_35_num_layers_3,1111,False,5.5513,12,46.4211,5.5584,259.4058,5.4713,237.7623,13585678,557.0532000000001
47,1.0,20,35,0.25,True,./data/wikitext-2,,0.5,False,200,12,200,2.0,RNN_TANH,2,200,5,,model.pt,model_epochs_12_rnn_type_RNN_TANH_hidden_size_200_batch_size_20_bptt_35_num_layers_5,1111,False,5.6504,12,67.7078,5.6104,273.2555,5.5255,251.0123,13746478,812.4936
48,1.0,20,35,0.25,True,./data/wikitext-2,,0.0,False,200,32,200,0.5,RNN_TANH,2,200,1,,model.pt,model_epochs_32_rnn_type_RNN_TANH_hidden_size_200_batch_size_20_bptt_35_num_layers_1,1111,False,5.3803,32,22.8482,5.3838,217.854,5.2945,199.2344,13424878,731.1424
49,1.0,20,35,0.25,True,./data/wikitext-2,,0.0,False,200,32,200,0.5,RNN_TANH,2,200,2,,model.pt,model_epochs_32_rnn_type_RNN_TANH_hidden_size_200_batch_size_20_bptt_35_num_layers_2,1111,False,5.3213,32,32.353,5.2949,199.3113,5.215,184.0207,13505278,1035.296
50,1.0,20,35,0.25,True,./data/wikitext-2,,0.0,False,200,32,200,0.5,RNN_TANH,2,200,3,,model.pt,model_epochs_32_rnn_type_RNN_TANH_hidden_size_200_batch_size_20_bptt_35_num_layers_3,1111,False,5.2748,32,37.3551,5.2722,194.8382,5.1962,180.5861,13585678,1195.3632
51,1.0,20,35,0.25,True,./data/wikitext-2,,0.0,False,200,32,200,0.5,RNN_TANH,2,200,5,,model.pt,model_epochs_32_rnn_type_RNN_TANH_hidden_size_200_batch_size_20_bptt_35_num_layers_5,1111,False,5.3864,32,56.1759,5.3772,216.4135,5.2952,199.3836,13746478,1797.6288
52,1.0,20,35,0.25,True,./data/wikitext-2,,0.0,False,200,32,200,2.0,RNN_TANH,2,200,1,,model.pt,model_epochs_32_rnn_type_RNN_TANH_hidden_size_200_batch_size_20_bptt_35_num_layers_1,1111,False,5.181,32,22.9037,5.1807,177.8021,5.1015,164.2709,13424878,732.9184
53,1.0,20,35,0.25,True,./data/wikitext-2,,0.0,False,200,32,200,2.0,RNN_TANH,2,200,2,,model.pt,model_epochs_32_rnn_type_RNN_TANH_hidden_size_200_batch_size_20_bptt_35_num_layers_2,1111,False,5.1434,32,32.4862,5.1432,171.2548,5.0648,158.3464,13505278,1039.5584
54,1.0,20,35,0.25,True,./data/wikitext-2,,0.0,False,200,32,200,2.0,RNN_TANH,2,200,3,,model.pt,model_epochs_32_rnn_type_RNN_TANH_hidden_size_200_batch_size_20_bptt_35_num_layers_3,1111,False,5.1167,32,38.7806,5.1162,166.7084,5.0405,154.5421,13585678,1240.9792
55,1.0,20,35,0.25,True,./data/wikitext-2,,0.0,False,200,32,200,2.0,RNN_TANH,2,200,5,,model.pt,model_epochs_32_rnn_type_RNN_TANH_hidden_size_200_batch_size_20_bptt_35_num_layers_5,1111,False,5.1654,32,56.2319,5.1654,175.1097,5.0868,161.8698,13746478,1799.4208
56,1.0,20,35,0.25,True,./data/wikitext-2,,0.2,False,200,32,200,0.5,RNN_TANH,2,200,1,,model.pt,model_epochs_32_rnn_type_RNN_TANH_hidden_size_200_batch_size_20_bptt_35_num_layers_1,1111,False,5.4474,32,23.0583,5.4473,232.1276,5.3669,214.2034,13424878,737.8656
57,1.0,20,35,0.25,True,./data/wikitext-2,,0.2,False,200,32,200,0.5,RNN_TANH,2,200,2,,model.pt,model_epochs_32_rnn_type_RNN_TANH_hidden_size_200_batch_size_20_bptt_35_num_layers_2,1111,False,5.3097,32,35.4968,5.2985,200.0419,5.2167,184.3199,13505278,1135.8976
58,1.0,20,35,0.25,True,./data/wikitext-2,,0.2,False,200,32,200,0.5,RNN_TANH,2,200,3,,model.pt,model_epochs_32_rnn_type_RNN_TANH_hidden_size_200_batch_size_20_bptt_35_num_layers_3,1111,False,5.341,32,46.4563,5.3401,208.525,5.2593,192.3522,13585678,1486.6016
59,1.0,20,35,0.25,True,./data/wikitext-2,,0.2,False,200,32,200,0.5,RNN_TANH,2,200,5,,model.pt,model_epochs_32_rnn_type_RNN_TANH_hidden_size_200_batch_size_20_bptt_35_num_layers_5,1111,False,5.6809,32,68.0646,5.6742,291.2576,5.595,269.0733,13746478,2178.0672
60,1.0,20,35,0.25,True,./data/wikitext-2,,0.2,False,200,32,200,2.0,RNN_TANH,2,200,1,,model.pt,model_epochs_32_rnn_type_RNN_TANH_hidden_size_200_batch_size_20_bptt_35_num_layers_1,1111,False,5.169,32,23.165,5.168,175.5647,5.0942,163.0679,13424878,741.28
61,1.0,20,35,0.25,True,./data/wikitext-2,,0.2,False,200,32,200,2.0,RNN_TANH,2,200,2,,model.pt,model_epochs_32_rnn_type_RNN_TANH_hidden_size_200_batch_size_20_bptt_35_num_layers_2,1111,False,5.2011,32,35.9411,5.2009,181.4389,5.123,167.8403,13505278,1150.1152
62,1.0,20,35,0.25,True,./data/wikitext-2,,0.2,False,200,32,200,2.0,RNN_TANH,2,200,3,,model.pt,model_epochs_32_rnn_type_RNN_TANH_hidden_size_200_batch_size_20_bptt_35_num_layers_3,1111,False,5.1689,32,46.175,5.168,175.568,5.0918,162.6783,13585678,1477.6
63,1.0,20,35,0.25,True,./data/wikitext-2,,0.2,False,200,32,200,2.0,RNN_TANH,2,200,5,,model.pt,model_epochs_32_rnn_type_RNN_TANH_hidden_size_200_batch_size_20_bptt_35_num_layers_5,1111,False,5.264,32,67.6912,5.2647,193.383,5.1893,179.3396,13746478,2166.1184
64,1.0,20,35,0.25,True,./data/wikitext-2,,0.5,False,200,32,200,0.5,RNN_TANH,2,200,1,,model.pt,model_epochs_32_rnn_type_RNN_TANH_hidden_size_200_batch_size_20_bptt_35_num_layers_1,1111,False,5.5446,32,23.0795,5.5453,256.0237,5.462,235.5784,13424878,738.544
65,1.0,20,35,0.25,True,./data/wikitext-2,,0.5,False,200,32,200,0.5,RNN_TANH,2,200,2,,model.pt,model_epochs_32_rnn_type_RNN_TANH_hidden_size_200_batch_size_20_bptt_35_num_layers_2,1111,False,5.442,32,35.5147,5.4398,230.3934,5.3555,211.7718,13505278,1136.4704
66,1.0,20,35,0.25,True,./data/wikitext-2,,0.5,False,200,32,200,0.5,RNN_TANH,2,200,3,,model.pt,model_epochs_32_rnn_type_RNN_TANH_hidden_size_200_batch_size_20_bptt_35_num_layers_3,1111,False,5.4898,32,46.1244,5.4901,242.2832,5.4078,223.1323,13585678,1475.9808
67,1.0,20,35,0.25,True,./data/wikitext-2,,0.5,False,200,32,200,0.5,RNN_TANH,2,200,5,,model.pt,model_epochs_32_rnn_type_RNN_TANH_hidden_size_200_batch_size_20_bptt_35_num_layers_5,1111,False,5.5376,32,67.6545,5.5376,254.0641,5.4493,232.6036,13746478,2164.944
68,1.0,20,35,0.25,True,./data/wikitext-2,,0.5,False,200,32,200,2.0,RNN_TANH,2,200,1,,model.pt,model_epochs_32_rnn_type_RNN_TANH_hidden_size_200_batch_size_20_bptt_35_num_layers_1,1111,False,5.2036,32,22.9186,5.1925,179.9151,5.1077,165.2835,13424878,733.3952
69,1.0,20,35,0.25,True,./data/wikitext-2,,0.5,False,200,32,200,2.0,RNN_TANH,2,200,2,,model.pt,model_epochs_32_rnn_type_RNN_TANH_hidden_size_200_batch_size_20_bptt_35_num_layers_2,1111,False,5.2918,32,35.6611,5.2916,198.6668,5.2092,182.9534,13505278,1141.1552
70,1.0,20,35,0.25,True,./data/wikitext-2,,0.5,False,200,32,200,2.0,RNN_TANH,2,200,3,,model.pt,model_epochs_32_rnn_type_RNN_TANH_hidden_size_200_batch_size_20_bptt_35_num_layers_3,1111,False,5.3631,32,45.8852,5.3473,210.0479,5.2644,193.3316,13585678,1468.3264
71,1.0,20,35,0.25,True,./data/wikitext-2,,0.5,False,200,32,200,2.0,RNN_TANH,2,200,5,,model.pt,model_epochs_32_rnn_type_RNN_TANH_hidden_size_200_batch_size_20_bptt_35_num_layers_5,1111,False,5.4659,32,67.4285,5.4603,235.1665,5.3845,217.9953,13746478,2157.712
72,1.0,20,35,0.25,True,./data/wikitext-2,,0.0,False,200,1,200,0.5,RNN_RELU,2,200,1,,model.pt,model_epochs_1_rnn_type_RNN_RELU_hidden_size_200_batch_size_20_bptt_35_num_layers_1,1111,False,,1,22.5618,6.8207,916.6639,6.7523,856.0029,13424878,22.5618
73,1.0,20,35,0.25,True,./data/wikitext-2,,0.0,False,200,1,200,0.5,RNN_RELU,2,200,2,,model.pt,model_epochs_1_rnn_type_RNN_RELU_hidden_size_200_batch_size_20_bptt_35_num_layers_2,1111,False,,1,32.4887,6.6644,784.0125,6.5931,730.046,13505278,32.4887
74,1.0,20,35,0.25,True,./data/wikitext-2,,0.0,False,200,1,200,0.5,RNN_RELU,2,200,3,,model.pt,model_epochs_1_rnn_type_RNN_RELU_hidden_size_200_batch_size_20_bptt_35_num_layers_3,1111,False,,1,38.7375,6.6963,809.4166,6.6253,753.9431,13585678,38.7375
75,1.0,20,35,0.25,True,./data/wikitext-2,,0.0,False,200,1,200,0.5,RNN_RELU,2,200,5,,model.pt,model_epochs_1_rnn_type_RNN_RELU_hidden_size_200_batch_size_20_bptt_35_num_layers_5,1111,False,,1,56.9754,6.7994,897.2891,6.7347,841.0499,13746478,56.9754
76,1.0,20,35,0.25,True,./data/wikitext-2,,0.0,False,200,1,200,2.0,RNN_RELU,2,200,1,,model.pt,model_epochs_1_rnn_type_RNN_RELU_hidden_size_200_batch_size_20_bptt_35_num_layers_1,1111,False,,1,22.5772,6.2059,495.6711,6.1282,458.6024,13424878,22.5772
77,1.0,20,35,0.25,True,./data/wikitext-2,,0.0,False,200,1,200,2.0,RNN_RELU,2,200,2,,model.pt,model_epochs_1_rnn_type_RNN_RELU_hidden_size_200_batch_size_20_bptt_35_num_layers_2,1111,False,,1,32.5647,6.1995,492.4932,6.1181,453.9797,13505278,32.5647
78,1.0,20,35,0.25,True,./data/wikitext-2,,0.0,False,200,1,200,2.0,RNN_RELU,2,200,3,,model.pt,model_epochs_1_rnn_type_RNN_RELU_hidden_size_200_batch_size_20_bptt_35_num_layers_3,1111,False,,1,38.6587,6.2076,496.5231,6.1202,454.9659,13585678,38.6587
79,1.0,20,35,0.25,True,./data/wikitext-2,,0.0,False,200,1,200,2.0,RNN_RELU,2,200,5,,model.pt,model_epochs_1_rnn_type_RNN_RELU_hidden_size_200_batch_size_20_bptt_35_num_layers_5,1111,False,,1,56.1751,6.294,541.3339,6.2171,501.2694,13746478,56.1751
80,1.0,20,35,0.25,True,./data/wikitext-2,,0.2,False,200,1,200,0.5,RNN_RELU,2,200,1,,model.pt,model_epochs_1_rnn_type_RNN_RELU_hidden_size_200_batch_size_20_bptt_35_num_layers_1,1111,False,,1,22.66,6.7826,882.3812,6.7138,823.7336,13424878,22.66
81,1.0,20,35,0.25,True,./data/wikitext-2,,0.2,False,200,1,200,0.5,RNN_RELU,2,200,2,,model.pt,model_epochs_1_rnn_type_RNN_RELU_hidden_size_200_batch_size_20_bptt_35_num_layers_2,1111,False,,1,35.4462,6.6417,766.3861,6.5732,715.6818,13505278,35.4462
82,1.0,20,35,0.25,True,./data/wikitext-2,,0.2,False,200,1,200,0.5,RNN_RELU,2,200,3,,model.pt,model_epochs_1_rnn_type_RNN_RELU_hidden_size_200_batch_size_20_bptt_35_num_layers_3,1111,False,,1,46.2086,6.6857,800.8799,6.6164,747.245,13585678,46.2086
83,1.0,20,35,0.25,True,./data/wikitext-2,,0.2,False,200,1,200,0.5,RNN_RELU,2,200,5,,model.pt,model_epochs_1_rnn_type_RNN_RELU_hidden_size_200_batch_size_20_bptt_35_num_layers_5,1111,False,,1,67.3375,6.8059,903.1815,6.7421,847.3341,13746478,67.3375
84,1.0,20,35,0.25,True,./data/wikitext-2,,0.2,False,200,1,200,2.0,RNN_RELU,2,200,1,,model.pt,model_epochs_1_rnn_type_RNN_RELU_hidden_size_200_batch_size_20_bptt_35_num_layers_1,1111,False,,1,22.6686,6.1945,490.0409,6.1176,453.7589,13424878,22.6686
85,1.0,20,35,0.25,True,./data/wikitext-2,,0.2,False,200,1,200,2.0,RNN_RELU,2,200,2,,model.pt,model_epochs_1_rnn_type_RNN_RELU_hidden_size_200_batch_size_20_bptt_35_num_layers_2,1111,False,,1,35.5481,6.1817,483.8365,6.098,444.9683,13505278,35.5481
86,1.0,20,35,0.25,True,./data/wikitext-2,,0.2,False,200,1,200,2.0,RNN_RELU,2,200,3,,model.pt,model_epochs_1_rnn_type_RNN_RELU_hidden_size_200_batch_size_20_bptt_35_num_layers_3,1111,False,,1,46.1617,6.2055,495.4781,6.1169,453.4719,13585678,46.1617
87,1.0,20,35,0.25,True,./data/wikitext-2,,0.2,False,200,1,200,2.0,RNN_RELU,2,200,5,,model.pt,model_epochs_1_rnn_type_RNN_RELU_hidden_size_200_batch_size_20_bptt_35_num_layers_5,1111,False,,1,67.3858,6.3055,547.6013,6.2272,506.3545,13746478,67.3858
88,1.0,20,35,0.25,True,./data/wikitext-2,,0.5,False,200,1,200,0.5,RNN_RELU,2,200,1,,model.pt,model_epochs_1_rnn_type_RNN_RELU_hidden_size_200_batch_size_20_bptt_35_num_layers_1,1111,False,,1,22.703,6.7165,825.9111,6.6464,770.0172,13424878,22.703
89,1.0,20,35,0.25,True,./data/wikitext-2,,0.5,False,200,1,200,0.5,RNN_RELU,2,200,2,,model.pt,model_epochs_1_rnn_type_RNN_RELU_hidden_size_200_batch_size_20_bptt_35_num_layers_2,1111,False,,1,35.512,6.6633,783.1614,6.5925,729.6382,13505278,35.512
90,1.0,20,35,0.25,True,./data/wikitext-2,,0.5,False,200,1,200,0.5,RNN_RELU,2,200,3,,model.pt,model_epochs_1_rnn_type_RNN_RELU_hidden_size_200_batch_size_20_bptt_35_num_layers_3,1111,False,,1,46.1612,6.7109,821.3174,6.6372,762.9831,13585678,46.1612
91,1.0,20,35,0.25,True,./data/wikitext-2,,0.5,False,200,1,200,0.5,RNN_RELU,2,200,5,,model.pt,model_epochs_1_rnn_type_RNN_RELU_hidden_size_200_batch_size_20_bptt_35_num_layers_5,1111,False,,1,66.3792,6.8864,978.9188,6.8203,916.2798,13746478,66.3792
92,1.0,20,35,0.25,True,./data/wikitext-2,,0.5,False,200,1,200,2.0,RNN_RELU,2,200,1,,model.pt,model_epochs_1_rnn_type_RNN_RELU_hidden_size_200_batch_size_20_bptt_35_num_layers_1,1111,False,,1,22.6424,6.2426,514.1972,6.1688,477.6272,13424878,22.6424
93,1.0,20,35,0.25,True,./data/wikitext-2,,0.5,False,200,1,200,2.0,RNN_RELU,2,200,2,,model.pt,model_epochs_1_rnn_type_RNN_RELU_hidden_size_200_batch_size_20_bptt_35_num_layers_2,1111,False,,1,35.4597,6.2743,530.7447,6.1941,489.8624,13505278,35.4597
94,1.0,20,35,0.25,True,./data/wikitext-2,,0.5,False,200,1,200,2.0,RNN_RELU,2,200,3,,model.pt,model_epochs_1_rnn_type_RNN_RELU_hidden_size_200_batch_size_20_bptt_35_num_layers_3,1111,False,,1,46.2106,6.3298,561.0401,6.2515,518.7972,13585678,46.2106
95,1.0,20,35,0.25,True,./data/wikitext-2,,0.5,False,200,1,200,2.0,RNN_RELU,2,200,5,,model.pt,model_epochs_1_rnn_type_RNN_RELU_hidden_size_200_batch_size_20_bptt_35_num_layers_5,1111,False,,1,67.7799,6.4258,617.5539,6.3529,574.1514,13746478,67.7799
96,1.0,20,35,0.25,True,./data/wikitext-2,,0.0,False,200,12,200,0.5,RNN_RELU,2,200,1,,model.pt,model_epochs_12_rnn_type_RNN_RELU_hidden_size_200_batch_size_20_bptt_35_num_layers_1,1111,False,5.7812,12,22.5887,5.7554,315.8774,5.673,290.9073,13424878,271.0644
97,1.0,20,35,0.25,True,./data/wikitext-2,,0.0,False,200,12,200,0.5,RNN_RELU,2,200,2,,model.pt,model_epochs_12_rnn_type_RNN_RELU_hidden_size_200_batch_size_20_bptt_35_num_layers_2,1111,False,5.712,12,32.4285,5.6918,296.4399,5.6063,272.1243,13505278,389.142
98,1.0,20,35,0.25,True,./data/wikitext-2,,0.0,False,200,12,200,0.5,RNN_RELU,2,200,3,,model.pt,model_epochs_12_rnn_type_RNN_RELU_hidden_size_200_batch_size_20_bptt_35_num_layers_3,1111,False,5.6718,12,38.8459,5.6387,281.0894,5.5567,258.9675,13585678,466.1508
99,1.0,20,35,0.25,True,./data/wikitext-2,,0.0,False,200,12,200,0.5,RNN_RELU,2,200,5,,model.pt,model_epochs_12_rnn_type_RNN_RELU_hidden_size_200_batch_size_20_bptt_35_num_layers_5,1111,False,5.763,12,56.0332,5.7241,306.1677,5.6306,278.8295,13746478,672.3984
100,1.0,20,35,0.25,True,./data/wikitext-2,,0.0,False,200,12,200,2.0,RNN_RELU,2,200,1,,model.pt,model_epochs_12_rnn_type_RNN_RELU_hidden_size_200_batch_size_20_bptt_35_num_layers_1,1111,False,5.3962,12,22.6399,5.3797,216.9639,5.2993,200.2011,13424878,271.6788
101,1.0,20,35,0.25,True,./data/wikitext-2,,0.0,False,200,12,200,2.0,RNN_RELU,2,200,2,,model.pt,model_epochs_12_rnn_type_RNN_RELU_hidden_size_200_batch_size_20_bptt_35_num_layers_2,1111,False,5.3492,12,32.4978,5.3463,209.8344,5.2619,192.8525,13505278,389.9736
102,1.0,20,35,0.25,True,./data/wikitext-2,,0.0,False,200,12,200,2.0,RNN_RELU,2,200,3,,model.pt,model_epochs_12_rnn_type_RNN_RELU_hidden_size_200_batch_size_20_bptt_35_num_layers_3,1111,False,5.355,12,34.2132,5.3438,209.3126,5.258,192.0982,13585678,410.5584
103,1.0,20,35,0.25,True,./data/wikitext-2,,0.0,False,200,12,200,2.0,RNN_RELU,2,200,5,,model.pt,model_epochs_12_rnn_type_RNN_RELU_hidden_size_200_batch_size_20_bptt_35_num_layers_5,1111,False,5.3539,12,56.9664,5.3512,210.8612,5.2629,193.0383,13746478,683.5968
104,1.0,20,35,0.25,True,./data/wikitext-2,,0.2,False,200,12,200,0.5,RNN_RELU,2,200,1,,model.pt,model_epochs_12_rnn_type_RNN_RELU_hidden_size_200_batch_size_20_bptt_35_num_layers_1,1111,False,5.7443,12,22.8262,5.7135,302.9443,5.6348,279.9959,13424878,273.9144
105,1.0,20,35,0.25,True,./data/wikitext-2,,0.2,False,200,12,200,0.5,RNN_RELU,2,200,2,,model.pt,model_epochs_12_rnn_type_RNN_RELU_hidden_size_200_batch_size_20_bptt_35_num_layers_2,1111,False,5.6466,12,35.8411,5.6199,275.8615,5.5359,253.6331,13505278,430.09319999999997
106,1.0,20,35,0.25,True,./data/wikitext-2,,0.2,False,200,12,200,0.5,RNN_RELU,2,200,3,,model.pt,model_epochs_12_rnn_type_RNN_RELU_hidden_size_200_batch_size_20_bptt_35_num_layers_3,1111,False,5.6627,12,46.2508,5.6255,277.4055,5.5425,255.3049,13585678,555.0096
107,1.0,20,35,0.25,True,./data/wikitext-2,,0.2,False,200,12,200,0.5,RNN_RELU,2,200,5,,model.pt,model_epochs_12_rnn_type_RNN_RELU_hidden_size_200_batch_size_20_bptt_35_num_layers_5,1111,False,5.8188,12,67.6912,5.7805,323.9235,5.6926,296.6726,13746478,812.2944
108,1.0,20,35,0.25,True,./data/wikitext-2,,0.2,False,200,12,200,2.0,RNN_RELU,2,200,1,,model.pt,model_epochs_12_rnn_type_RNN_RELU_hidden_size_200_batch_size_20_bptt_35_num_layers_1,1111,False,5.3866,12,22.7338,5.3768,216.3237,5.2967,199.686,13424878,272.80559999999997
109,1.0,20,35,0.25,True,./data/wikitext-2,,0.2,False,200,12,200,2.0,RNN_RELU,2,200,2,,model.pt,model_epochs_12_rnn_type_RNN_RELU_hidden_size_200_batch_size_20_bptt_35_num_layers_2,1111,False,5.3361,12,33.6294,5.3102,202.3825,5.2233,185.5461,13505278,403.55279999999993
110,1.0,20,35,0.25,True,./data/wikitext-2,,0.2,False,200,12,200,2.0,RNN_RELU,2,200,3,,model.pt,model_epochs_12_rnn_type_RNN_RELU_hidden_size_200_batch_size_20_bptt_35_num_layers_3,1111,False,5.3533,12,46.1099,5.3277,205.9561,5.2475,190.0923,13585678,553.3188
111,1.0,20,35,0.25,True,./data/wikitext-2,,0.2,False,200,12,200,2.0,RNN_RELU,2,200,5,,model.pt,model_epochs_12_rnn_type_RNN_RELU_hidden_size_200_batch_size_20_bptt_35_num_layers_5,1111,False,5.4418,12,67.8763,5.4306,228.2779,5.3461,209.7934,13746478,814.5156
112,1.0,20,35,0.25,True,./data/wikitext-2,,0.5,False,200,12,200,0.5,RNN_RELU,2,200,1,,model.pt,model_epochs_12_rnn_type_RNN_RELU_hidden_size_200_batch_size_20_bptt_35_num_layers_1,1111,False,5.8032,12,22.7765,5.7692,320.2782,5.6898,295.8453,13424878,273.318
113,1.0,20,35,0.25,True,./data/wikitext-2,,0.5,False,200,12,200,0.5,RNN_RELU,2,200,2,,model.pt,model_epochs_12_rnn_type_RNN_RELU_hidden_size_200_batch_size_20_bptt_35_num_layers_2,1111,False,5.7744,12,35.5487,5.7398,311.0079,5.6589,286.8271,13505278,426.58439999999996
114,1.0,20,35,0.25,True,./data/wikitext-2,,0.5,False,200,12,200,0.5,RNN_RELU,2,200,3,,model.pt,model_epochs_12_rnn_type_RNN_RELU_hidden_size_200_batch_size_20_bptt_35_num_layers_3,1111,False,5.8382,12,46.1527,,,5.7548,315.6967,13585678,553.8324
115,1.0,20,35,0.25,True,./data/wikitext-2,,0.5,False,200,12,200,0.5,RNN_RELU,2,200,5,,model.pt,model_epochs_12_rnn_type_RNN_RELU_hidden_size_200_batch_size_20_bptt_35_num_layers_5,1111,False,6.0241,12,67.5027,5.9947,401.2872,5.907,367.615,13746478,810.0324
116,1.0,20,35,0.25,True,./data/wikitext-2,,0.5,False,200,12,200,2.0,RNN_RELU,2,200,1,,model.pt,model_epochs_12_rnn_type_RNN_RELU_hidden_size_200_batch_size_20_bptt_35_num_layers_1,1111,False,5.4817,12,22.7704,5.4574,234.4848,5.3768,216.3257,13424878,273.2448
117,1.0,20,35,0.25,True,./data/wikitext-2,,0.5,False,200,12,200,2.0,RNN_RELU,2,200,2,,model.pt,model_epochs_12_rnn_type_RNN_RELU_hidden_size_200_batch_size_20_bptt_35_num_layers_2,1111,False,5.4586,12,35.6304,5.4453,231.6681,5.3636,213.4818,13505278,427.5648
118,1.0,20,35,0.25,True,./data/wikitext-2,,0.5,False,200,12,200,2.0,RNN_RELU,2,200,3,,model.pt,model_epochs_12_rnn_type_RNN_RELU_hidden_size_200_batch_size_20_bptt_35_num_layers_3,1111,False,5.5479,12,46.1482,5.5137,248.0747,5.4389,230.1959,13585678,553.7784
119,1.0,20,35,0.25,True,./data/wikitext-2,,0.5,False,200,12,200,2.0,RNN_RELU,2,200,5,,model.pt,model_epochs_12_rnn_type_RNN_RELU_hidden_size_200_batch_size_20_bptt_35_num_layers_5,1111,False,5.6967,12,67.2905,5.6637,288.2051,5.587,266.9204,13746478,807.4859999999999
120,1.0,20,35,0.25,True,./data/wikitext-2,,0.0,False,200,32,200,0.5,RNN_RELU,2,200,1,,model.pt,model_epochs_32_rnn_type_RNN_RELU_hidden_size_200_batch_size_20_bptt_35_num_layers_1,1111,False,5.4571,32,22.7606,5.4559,234.1267,5.3752,215.9901,13424878,728.3392
121,1.0,20,35,0.25,True,./data/wikitext-2,,0.0,False,200,32,200,0.5,RNN_RELU,2,200,2,,model.pt,model_epochs_32_rnn_type_RNN_RELU_hidden_size_200_batch_size_20_bptt_35_num_layers_2,1111,False,5.5177,32,32.7428,5.5141,248.1621,5.4269,227.4324,13505278,1047.7696
122,1.0,20,35,0.25,True,./data/wikitext-2,,0.0,False,200,32,200,0.5,RNN_RELU,2,200,3,,model.pt,model_epochs_32_rnn_type_RNN_RELU_hidden_size_200_batch_size_20_bptt_35_num_layers_3,1111,False,5.4122,32,38.7566,5.4117,224.0158,5.3328,207.0104,13585678,1240.2112
123,1.0,20,35,0.25,True,./data/wikitext-2,,0.0,False,200,32,200,0.5,RNN_RELU,2,200,5,,model.pt,model_epochs_32_rnn_type_RNN_RELU_hidden_size_200_batch_size_20_bptt_35_num_layers_5,1111,False,5.3272,32,55.9021,5.3268,205.7727,5.2323,187.2231,13746478,1788.8672
124,1.0,20,35,0.25,True,./data/wikitext-2,,0.0,False,200,32,200,2.0,RNN_RELU,2,200,1,,model.pt,model_epochs_32_rnn_type_RNN_RELU_hidden_size_200_batch_size_20_bptt_35_num_layers_1,1111,False,5.2124,32,22.7082,5.2119,183.4369,5.135,169.8567,13424878,726.6624
125,1.0,20,35,0.25,True,./data/wikitext-2,,0.0,False,200,32,200,2.0,RNN_RELU,2,200,2,,model.pt,model_epochs_32_rnn_type_RNN_RELU_hidden_size_200_batch_size_20_bptt_35_num_layers_2,1111,False,5.1718,32,29.9587,5.1491,172.2786,5.0665,158.6161,13505278,958.6784
126,1.0,20,35,0.25,True,./data/wikitext-2,,0.0,False,200,32,200,2.0,RNN_RELU,2,200,3,,model.pt,model_epochs_32_rnn_type_RNN_RELU_hidden_size_200_batch_size_20_bptt_35_num_layers_3,1111,False,5.1377,32,38.6217,5.137,170.1962,5.0594,157.4908,13585678,1235.8944
127,1.0,20,35,0.25,True,./data/wikitext-2,,0.0,False,200,32,200,2.0,RNN_RELU,2,200,5,,model.pt,model_epochs_32_rnn_type_RNN_RELU_hidden_size_200_batch_size_20_bptt_35_num_layers_5,1111,False,5.1994,32,56.1645,5.1983,180.9702,5.1181,167.0176,13746478,1797.264
128,1.0,20,35,0.25,True,./data/wikitext-2,,0.2,False,200,32,200,0.5,RNN_RELU,2,200,1,,model.pt,model_epochs_32_rnn_type_RNN_RELU_hidden_size_200_batch_size_20_bptt_35_num_layers_1,1111,False,5.4419,32,22.8833,5.4296,228.0589,5.3469,209.9493,13424878,732.2656
129,1.0,20,35,0.25,True,./data/wikitext-2,,0.2,False,200,32,200,0.5,RNN_RELU,2,200,2,,model.pt,model_epochs_32_rnn_type_RNN_RELU_hidden_size_200_batch_size_20_bptt_35_num_layers_2,1111,False,5.3242,32,35.47,5.3244,205.2829,5.2345,187.6358,13505278,1135.04
130,1.0,20,35,0.25,True,./data/wikitext-2,,0.2,False,200,32,200,0.5,RNN_RELU,2,200,3,,model.pt,model_epochs_32_rnn_type_RNN_RELU_hidden_size_200_batch_size_20_bptt_35_num_layers_3,1111,False,5.4078,32,46.3352,5.407,222.9649,5.3219,204.7671,13585678,1482.7264
131,1.0,20,35,0.25,True,./data/wikitext-2,,0.2,False,200,32,200,0.5,RNN_RELU,2,200,5,,model.pt,model_epochs_32_rnn_type_RNN_RELU_hidden_size_200_batch_size_20_bptt_35_num_layers_5,1111,False,5.4265,32,67.5109,5.4343,229.1249,5.329,206.2347,13746478,2160.3488
132,1.0,20,35,0.25,True,./data/wikitext-2,,0.2,False,200,32,200,2.0,RNN_RELU,2,200,1,,model.pt,model_epochs_32_rnn_type_RNN_RELU_hidden_size_200_batch_size_20_bptt_35_num_layers_1,1111,False,5.1323,32,23.1182,5.1319,169.3315,5.0541,156.6559,13424878,739.7824
133,1.0,20,35,0.25,True,./data/wikitext-2,,0.2,False,200,32,200,2.0,RNN_RELU,2,200,2,,model.pt,model_epochs_32_rnn_type_RNN_RELU_hidden_size_200_batch_size_20_bptt_35_num_layers_2,1111,False,5.1007,32,35.5908,5.1011,164.2085,5.0232,151.8892,13505278,1138.9056
134,1.0,20,35,0.25,True,./data/wikitext-2,,0.2,False,200,32,200,2.0,RNN_RELU,2,200,3,,model.pt,model_epochs_32_rnn_type_RNN_RELU_hidden_size_200_batch_size_20_bptt_35_num_layers_3,1111,False,5.0663,32,46.1071,5.066,158.5382,4.9887,146.7516,13585678,1475.4272
135,1.0,20,35,0.25,True,./data/wikitext-2,,0.2,False,200,32,200,2.0,RNN_RELU,2,200,5,,model.pt,model_epochs_32_rnn_type_RNN_RELU_hidden_size_200_batch_size_20_bptt_35_num_layers_5,1111,False,5.1337,32,67.2139,5.1333,169.576,5.0584,157.3322,13746478,2150.8448
136,1.0,20,35,0.25,True,./data/wikitext-2,,0.5,False,200,32,200,0.5,RNN_RELU,2,200,1,,model.pt,model_epochs_32_rnn_type_RNN_RELU_hidden_size_200_batch_size_20_bptt_35_num_layers_1,1111,False,5.5259,32,23.4788,5.5239,250.602,5.4439,231.3353,13424878,751.3216
137,1.0,20,35,0.25,True,./data/wikitext-2,,0.5,False,200,32,200,0.5,RNN_RELU,2,200,2,,model.pt,model_epochs_32_rnn_type_RNN_RELU_hidden_size_200_batch_size_20_bptt_35_num_layers_2,1111,False,5.5387,32,35.683,5.5384,254.2626,5.4586,234.7712,13505278,1141.856
138,1.0,20,35,0.25,True,./data/wikitext-2,,0.5,False,200,32,200,0.5,RNN_RELU,2,200,3,,model.pt,model_epochs_32_rnn_type_RNN_RELU_hidden_size_200_batch_size_20_bptt_35_num_layers_3,1111,False,5.5365,32,46.0672,5.5267,251.3159,5.4432,231.1774,13585678,1474.1504
139,1.0,20,35,0.25,True,./data/wikitext-2,,0.5,False,200,32,200,0.5,RNN_RELU,2,200,5,,model.pt,model_epochs_32_rnn_type_RNN_RELU_hidden_size_200_batch_size_20_bptt_35_num_layers_5,1111,False,5.765,32,67.8572,5.7645,318.7701,5.6854,294.5321,13746478,2171.4304
140,1.0,20,35,0.25,True,./data/wikitext-2,,0.5,False,200,32,200,2.0,RNN_RELU,2,200,1,,model.pt,model_epochs_32_rnn_type_RNN_RELU_hidden_size_200_batch_size_20_bptt_35_num_layers_1,1111,False,5.2103,32,22.7177,5.2069,182.5354,5.1197,167.2855,13424878,726.9664
141,1.0,20,35,0.25,True,./data/wikitext-2,,0.5,False,200,32,200,2.0,RNN_RELU,2,200,2,,model.pt,model_epochs_32_rnn_type_RNN_RELU_hidden_size_200_batch_size_20_bptt_35_num_layers_2,1111,False,5.2115,32,35.6934,5.1959,180.5335,5.1127,166.1194,13505278,1142.1888
142,1.0,20,35,0.25,True,./data/wikitext-2,,0.5,False,200,32,200,2.0,RNN_RELU,2,200,3,,model.pt,model_epochs_32_rnn_type_RNN_RELU_hidden_size_200_batch_size_20_bptt_35_num_layers_3,1111,False,5.2916,32,46.1241,5.2844,197.2339,5.1952,180.4122,13585678,1475.9712
143,1.0,20,35,0.25,True,./data/wikitext-2,,0.5,False,200,32,200,2.0,RNN_RELU,2,200,5,,model.pt,model_epochs_32_rnn_type_RNN_RELU_hidden_size_200_batch_size_20_bptt_35_num_layers_5,1111,False,5.4706,32,67.7897,5.4707,237.6238,5.394,220.0922,13746478,2169.2704
144,1.0,20,35,0.25,True,./data/wikitext-2,,0.0,False,200,1,200,0.5,GRU,2,200,1,,model.pt,model_epochs_1_rnn_type_GRU_hidden_size_200_batch_size_20_bptt_35_num_layers_1,1111,False,,1,22.9836,6.5667,711.0093,6.4958,662.349,13585678,22.9836
145,1.0,20,35,0.25,True,./data/wikitext-2,,0.0,False,200,1,200,0.5,GRU,2,200,2,,model.pt,model_epochs_1_rnn_type_GRU_hidden_size_200_batch_size_20_bptt_35_num_layers_2,1111,False,,1,33.3109,6.7195,828.4295,6.6503,773.0235,13826878,33.3109
146,1.0,20,35,0.25,True,./data/wikitext-2,,0.0,False,200,1,200,0.5,GRU,2,200,3,,model.pt,model_epochs_1_rnn_type_GRU_hidden_size_200_batch_size_20_bptt_35_num_layers_3,1111,False,,1,39.8287,6.9414,1034.2561,6.878,970.6521,14068078,39.8287
147,1.0,20,35,0.25,True,./data/wikitext-2,,0.0,False,200,1,200,0.5,GRU,2,200,5,,model.pt,model_epochs_1_rnn_type_GRU_hidden_size_200_batch_size_20_bptt_35_num_layers_5,1111,False,,1,58.9362,6.9613,1055.0055,6.8937,986.029,14550478,58.9362
148,1.0,20,35,0.25,True,./data/wikitext-2,,0.0,False,200,1,200,2.0,GRU,2,200,1,,model.pt,model_epochs_1_rnn_type_GRU_hidden_size_200_batch_size_20_bptt_35_num_layers_1,1111,False,,1,22.997,6.1053,448.2335,6.0276,414.7332,13585678,22.997
149,1.0,20,35,0.25,True,./data/wikitext-2,,0.0,False,200,1,200,2.0,GRU,2,200,2,,model.pt,model_epochs_1_rnn_type_GRU_hidden_size_200_batch_size_20_bptt_35_num_layers_2,1111,False,,1,33.3673,6.1463,466.9854,6.0609,428.7822,13826878,33.3673
150,1.0,20,35,0.25,True,./data/wikitext-2,,0.0,False,200,1,200,2.0,GRU,2,200,3,,model.pt,model_epochs_1_rnn_type_GRU_hidden_size_200_batch_size_20_bptt_35_num_layers_3,1111,False,,1,38.9144,6.2519,519.0033,6.1703,478.308,14068078,38.9144
151,1.0,20,35,0.25,True,./data/wikitext-2,,0.0,False,200,1,200,2.0,GRU,2,200,5,,model.pt,model_epochs_1_rnn_type_GRU_hidden_size_200_batch_size_20_bptt_35_num_layers_5,1111,False,,1,48.2919,6.3841,592.3685,6.3061,547.9083,14550478,48.2919
152,1.0,20,35,0.25,True,./data/wikitext-2,,0.2,False,200,1,200,0.5,GRU,2,200,1,,model.pt,model_epochs_1_rnn_type_GRU_hidden_size_200_batch_size_20_bptt_35_num_layers_1,1111,False,,1,23.0843,6.5333,687.6757,6.4603,639.2428,13585678,23.0843
153,1.0,20,35,0.25,True,./data/wikitext-2,,0.2,False,200,1,200,0.5,GRU,2,200,2,,model.pt,model_epochs_1_rnn_type_GRU_hidden_size_200_batch_size_20_bptt_35_num_layers_2,1111,False,,1,36.5075,6.6551,776.7646,6.5842,723.608,13826878,36.5075
154,1.0,20,35,0.25,True,./data/wikitext-2,,0.2,False,200,1,200,0.5,GRU,2,200,3,,model.pt,model_epochs_1_rnn_type_GRU_hidden_size_200_batch_size_20_bptt_35_num_layers_3,1111,False,,1,48.2303,6.7676,869.2245,6.7032,815.0422,14068078,48.2303
155,1.0,20,35,0.25,True,./data/wikitext-2,,0.2,False,200,1,200,0.5,GRU,2,200,5,,model.pt,model_epochs_1_rnn_type_GRU_hidden_size_200_batch_size_20_bptt_35_num_layers_5,1111,False,,1,72.4153,6.9519,1045.1322,6.8855,978.0044,14550478,72.4153
156,1.0,20,35,0.25,True,./data/wikitext-2,,0.2,False,200,1,200,2.0,GRU,2,200,1,,model.pt,model_epochs_1_rnn_type_GRU_hidden_size_200_batch_size_20_bptt_35_num_layers_1,1111,False,,1,23.083,6.09,441.4202,6.0111,407.9431,13585678,23.083
157,1.0,20,35,0.25,True,./data/wikitext-2,,0.2,False,200,1,200,2.0,GRU,2,200,2,,model.pt,model_epochs_1_rnn_type_GRU_hidden_size_200_batch_size_20_bptt_35_num_layers_2,1111,False,,1,36.4635,6.1257,457.4676,6.0408,420.2459,13826878,36.4635
158,1.0,20,35,0.25,True,./data/wikitext-2,,0.2,False,200,1,200,2.0,GRU,2,200,3,,model.pt,model_epochs_1_rnn_type_GRU_hidden_size_200_batch_size_20_bptt_35_num_layers_3,1111,False,,1,48.4756,6.2498,517.9244,6.1698,478.0676,14068078,48.4756
159,1.0,20,35,0.25,True,./data/wikitext-2,,0.2,False,200,1,200,2.0,GRU,2,200,5,,model.pt,model_epochs_1_rnn_type_GRU_hidden_size_200_batch_size_20_bptt_35_num_layers_5,1111,False,,1,72.1294,6.4008,602.3173,6.3212,556.2262,14550478,72.1294
160,1.0,20,35,0.25,True,./data/wikitext-2,,0.5,False,200,1,200,0.5,GRU,2,200,1,,model.pt,model_epochs_1_rnn_type_GRU_hidden_size_200_batch_size_20_bptt_35_num_layers_1,1111,False,,1,23.0782,6.5202,678.733,6.4489,631.9879,13585678,23.0782
161,1.0,20,35,0.25,True,./data/wikitext-2,,0.5,False,200,1,200,0.5,GRU,2,200,2,,model.pt,model_epochs_1_rnn_type_GRU_hidden_size_200_batch_size_20_bptt_35_num_layers_2,1111,False,,1,36.5857,6.5701,713.4472,6.4974,663.4305,13826878,36.5857
162,1.0,20,35,0.25,True,./data/wikitext-2,,0.5,False,200,1,200,0.5,GRU,2,200,3,,model.pt,model_epochs_1_rnn_type_GRU_hidden_size_200_batch_size_20_bptt_35_num_layers_3,1111,False,,1,48.2892,6.681,797.0967,6.6111,743.286,14068078,48.2892
163,1.0,20,35,0.25,True,./data/wikitext-2,,0.5,False,200,1,200,0.5,GRU,2,200,5,,model.pt,model_epochs_1_rnn_type_GRU_hidden_size_200_batch_size_20_bptt_35_num_layers_5,1111,False,,1,71.8932,6.901,993.2311,6.8319,926.9735,14550478,71.8932
164,1.0,20,35,0.25,True,./data/wikitext-2,,0.5,False,200,1,200,2.0,GRU,2,200,1,,model.pt,model_epochs_1_rnn_type_GRU_hidden_size_200_batch_size_20_bptt_35_num_layers_1,1111,False,,1,23.0836,6.1011,446.3296,6.0231,412.8547,13585678,23.0836
165,1.0,20,35,0.25,True,./data/wikitext-2,,0.5,False,200,1,200,2.0,GRU,2,200,2,,model.pt,model_epochs_1_rnn_type_GRU_hidden_size_200_batch_size_20_bptt_35_num_layers_2,1111,False,,1,36.3909,6.1537,470.4542,6.0719,433.5068,13826878,36.3909
166,1.0,20,35,0.25,True,./data/wikitext-2,,0.5,False,200,1,200,2.0,GRU,2,200,3,,model.pt,model_epochs_1_rnn_type_GRU_hidden_size_200_batch_size_20_bptt_35_num_layers_3,1111,False,,1,48.2615,6.2529,519.5034,6.1711,478.6942,14068078,48.2615
167,1.0,20,35,0.25,True,./data/wikitext-2,,0.5,False,200,1,200,2.0,GRU,2,200,5,,model.pt,model_epochs_1_rnn_type_GRU_hidden_size_200_batch_size_20_bptt_35_num_layers_5,1111,False,,1,72.2437,6.4435,628.6242,6.367,582.3044,14550478,72.2437
168,1.0,20,35,0.25,True,./data/wikitext-2,,0.0,False,200,12,200,0.5,GRU,2,200,1,,model.pt,model_epochs_12_rnn_type_GRU_hidden_size_200_batch_size_20_bptt_35_num_layers_1,1111,False,5.6688,12,23.4454,5.63,278.674,5.5494,257.0854,13585678,281.34479999999996
169,1.0,20,35,0.25,True,./data/wikitext-2,,0.0,False,200,12,200,0.5,GRU,2,200,2,,model.pt,model_epochs_12_rnn_type_GRU_hidden_size_200_batch_size_20_bptt_35_num_layers_2,1111,False,5.7586,12,33.219,5.7186,304.4896,5.6378,280.8423,13826878,398.62800000000004
170,1.0,20,35,0.25,True,./data/wikitext-2,,0.0,False,200,12,200,0.5,GRU,2,200,3,,model.pt,model_epochs_12_rnn_type_GRU_hidden_size_200_batch_size_20_bptt_35_num_layers_3,1111,False,5.8186,12,39.9945,5.7707,320.7779,5.6906,296.0802,14068078,479.934
171,1.0,20,35,0.25,True,./data/wikitext-2,,0.0,False,200,12,200,0.5,GRU,2,200,5,,model.pt,model_epochs_12_rnn_type_GRU_hidden_size_200_batch_size_20_bptt_35_num_layers_5,1111,False,5.9838,12,58.9478,5.9339,377.6217,5.8577,349.9227,14550478,707.3736
172,1.0,20,35,0.25,True,./data/wikitext-2,,0.0,False,200,12,200,2.0,GRU,2,200,1,,model.pt,model_epochs_12_rnn_type_GRU_hidden_size_200_batch_size_20_bptt_35_num_layers_1,1111,False,5.163,12,23.3292,5.1493,172.3055,5.0597,157.5436,13585678,279.9504
173,1.0,20,35,0.25,True,./data/wikitext-2,,0.0,False,200,12,200,2.0,GRU,2,200,2,,model.pt,model_epochs_12_rnn_type_GRU_hidden_size_200_batch_size_20_bptt_35_num_layers_2,1111,False,5.1384,12,33.4294,5.1197,167.288,5.0393,154.3677,13826878,401.1528
174,1.0,20,35,0.25,True,./data/wikitext-2,,0.0,False,200,12,200,2.0,GRU,2,200,3,,model.pt,model_epochs_12_rnn_type_GRU_hidden_size_200_batch_size_20_bptt_35_num_layers_3,1111,False,5.1766,12,39.7921,5.1633,174.7385,5.0887,162.1722,14068078,477.50519999999995
175,1.0,20,35,0.25,True,./data/wikitext-2,,0.0,False,200,12,200,2.0,GRU,2,200,5,,model.pt,model_epochs_12_rnn_type_GRU_hidden_size_200_batch_size_20_bptt_35_num_layers_5,1111,False,5.439,12,56.4247,5.4016,221.7559,5.3198,204.3408,14550478,677.0964
176,1.0,20,35,0.25,True,./data/wikitext-2,,0.2,False,200,12,200,0.5,GRU,2,200,1,,model.pt,model_epochs_12_rnn_type_GRU_hidden_size_200_batch_size_20_bptt_35_num_layers_1,1111,False,5.6009,12,23.3736,5.5648,261.0709,5.4819,240.3115,13585678,280.4832
177,1.0,20,35,0.25,True,./data/wikitext-2,,0.2,False,200,12,200,0.5,GRU,2,200,2,,model.pt,model_epochs_12_rnn_type_GRU_hidden_size_200_batch_size_20_bptt_35_num_layers_2,1111,False,5.6093,12,36.3451,5.5714,262.808,5.4871,241.5657,13826878,436.1412
178,1.0,20,35,0.25,True,./data/wikitext-2,,0.2,False,200,12,200,0.5,GRU,2,200,3,,model.pt,model_epochs_12_rnn_type_GRU_hidden_size_200_batch_size_20_bptt_35_num_layers_3,1111,False,5.6401,12,48.1311,5.603,271.2439,5.5227,250.3165,14068078,577.5732
179,1.0,20,35,0.25,True,./data/wikitext-2,,0.2,False,200,12,200,0.5,GRU,2,200,5,,model.pt,model_epochs_12_rnn_type_GRU_hidden_size_200_batch_size_20_bptt_35_num_layers_5,1111,False,5.8322,12,72.2589,5.7887,326.5896,5.7077,301.1802,14550478,867.1068
180,1.0,20,35,0.25,True,./data/wikitext-2,,0.2,False,200,12,200,2.0,GRU,2,200,1,,model.pt,model_epochs_12_rnn_type_GRU_hidden_size_200_batch_size_20_bptt_35_num_layers_1,1111,False,5.1321,12,23.5516,5.1123,166.0514,5.0408,154.5976,13585678,282.6192
181,1.0,20,35,0.25,True,./data/wikitext-2,,0.2,False,200,12,200,2.0,GRU,2,200,2,,model.pt,model_epochs_12_rnn_type_GRU_hidden_size_200_batch_size_20_bptt_35_num_layers_2,1111,False,5.1255,12,35.6902,5.1035,164.6008,5.029,152.7862,13826878,428.28239999999994
182,1.0,20,35,0.25,True,./data/wikitext-2,,0.2,False,200,12,200,2.0,GRU,2,200,3,,model.pt,model_epochs_12_rnn_type_GRU_hidden_size_200_batch_size_20_bptt_35_num_layers_3,1111,False,5.1704,12,48.2858,5.1474,171.9832,5.0736,159.7476,14068078,579.4296
183,1.0,20,35,0.25,True,./data/wikitext-2,,0.2,False,200,12,200,2.0,GRU,2,200,5,,model.pt,model_epochs_12_rnn_type_GRU_hidden_size_200_batch_size_20_bptt_35_num_layers_5,1111,False,5.3857,12,71.8583,5.3488,210.3612,5.2687,194.168,14550478,862.2996
184,1.0,20,35,0.25,True,./data/wikitext-2,,0.5,False,200,12,200,0.5,GRU,2,200,1,,model.pt,model_epochs_12_rnn_type_GRU_hidden_size_200_batch_size_20_bptt_35_num_layers_1,1111,False,5.6541,12,23.4643,5.6197,275.813,5.5385,254.3008,13585678,281.5716
185,1.0,20,35,0.25,True,./data/wikitext-2,,0.5,False,200,12,200,0.5,GRU,2,200,2,,model.pt,model_epochs_12_rnn_type_GRU_hidden_size_200_batch_size_20_bptt_35_num_layers_2,1111,False,5.6521,12,36.4741,5.6182,275.3948,5.5317,252.5825,13826878,437.6892
186,1.0,20,35,0.25,True,./data/wikitext-2,,0.5,False,200,12,200,0.5,GRU,2,200,3,,model.pt,model_epochs_12_rnn_type_GRU_hidden_size_200_batch_size_20_bptt_35_num_layers_3,1111,False,5.7263,12,48.2883,5.6869,294.9848,5.6113,273.4995,14068078,579.4596
187,1.0,20,35,0.25,True,./data/wikitext-2,,0.5,False,200,12,200,0.5,GRU,2,200,5,,model.pt,model_epochs_12_rnn_type_GRU_hidden_size_200_batch_size_20_bptt_35_num_layers_5,1111,False,5.918,12,71.9066,5.8803,357.9062,5.8017,330.8741,14550478,862.8792
188,1.0,20,35,0.25,True,./data/wikitext-2,,0.5,False,200,12,200,2.0,GRU,2,200,1,,model.pt,model_epochs_12_rnn_type_GRU_hidden_size_200_batch_size_20_bptt_35_num_layers_1,1111,False,5.2333,12,23.3819,5.2066,182.4798,5.1261,168.3659,13585678,280.5828
189,1.0,20,35,0.25,True,./data/wikitext-2,,0.5,False,200,12,200,2.0,GRU,2,200,2,,model.pt,model_epochs_12_rnn_type_GRU_hidden_size_200_batch_size_20_bptt_35_num_layers_2,1111,False,5.2666,12,36.4419,5.2405,188.7576,5.1584,173.8819,13826878,437.30279999999993
190,1.0,20,35,0.25,True,./data/wikitext-2,,0.5,False,200,12,200,2.0,GRU,2,200,3,,model.pt,model_epochs_12_rnn_type_GRU_hidden_size_200_batch_size_20_bptt_35_num_layers_3,1111,False,5.2902,12,47.7646,5.2736,195.1188,5.196,180.5425,14068078,573.1752
191,1.0,20,35,0.25,True,./data/wikitext-2,,0.5,False,200,12,200,2.0,GRU,2,200,5,,model.pt,model_epochs_12_rnn_type_GRU_hidden_size_200_batch_size_20_bptt_35_num_layers_5,1111,False,5.4539,12,72.2765,5.4276,227.6051,5.349,210.3901,14550478,867.318
192,1.0,20,35,0.25,True,./data/wikitext-2,,0.0,False,200,32,200,0.5,GRU,2,200,1,,model.pt,model_epochs_32_rnn_type_GRU_hidden_size_200_batch_size_20_bptt_35_num_layers_1,1111,False,5.3163,32,23.28,5.311,202.5507,5.2228,185.448,13585678,744.96
193,1.0,20,35,0.25,True,./data/wikitext-2,,0.0,False,200,32,200,0.5,GRU,2,200,2,,model.pt,model_epochs_32_rnn_type_GRU_hidden_size_200_batch_size_20_bptt_35_num_layers_2,1111,False,5.313,32,33.35,5.2981,199.9628,5.2163,184.2532,13826878,1067.2
194,1.0,20,35,0.25,True,./data/wikitext-2,,0.0,False,200,32,200,0.5,GRU,2,200,3,,model.pt,model_epochs_32_rnn_type_GRU_hidden_size_200_batch_size_20_bptt_35_num_layers_3,1111,False,5.3264,32,39.8417,5.3158,203.5218,5.2324,187.2414,14068078,1274.9344
195,1.0,20,35,0.25,True,./data/wikitext-2,,0.0,False,200,32,200,0.5,GRU,2,200,5,,model.pt,model_epochs_32_rnn_type_GRU_hidden_size_200_batch_size_20_bptt_35_num_layers_5,1111,False,5.4923,32,59.2928,5.4784,239.4709,5.4012,221.6713,14550478,1897.3696
